relationship,case_id,baseline_status,v1_status,reason_for_change
PERSON -> ASSOCIATED_WITH -> PERSON,C-002,CONFIRMED,REJECTED,"Target type 'netra:Person' invalid for 'netra:AFFILIATED_WITH'. Allowed: ['netra:Organization', 'netra:Group']"
PERSON -> ASSOCIATED_WITH -> PERSON,C-002,CONFIRMED,REJECTED,"Target type 'netra:Person' invalid for 'netra:AFFILIATED_WITH'. Allowed: ['netra:Organization', 'netra:Group']"
CASE -> LOCATED_AT -> LOCATION,C-002,REJECTED,REJECTED,No change
PERSON -> COMMUNICATES_WITH -> PERSON,C-002,CONFIRMED,CONFIRMED,No change
PERSON -> COMMUNICATES_WITH -> PERSON,C-002,CONFIRMED,CONFIRMED,No change
PERSON -> ASSOCIATED_WITH -> CASE,C-002,REJECTED,REJECTED,No change
PERSON -> INVOLVED_IN -> PERSON,C-005,REJECTED,REJECTED,No change
ORGANIZATION -> ASSOCIATED_WITH -> PERSON,C-005,CONFIRMED,REJECTED,"Target type 'netra:Person' invalid for 'netra:AFFILIATED_WITH'. Allowed: ['netra:Organization', 'netra:Group']"
ORGANIZATION -> ASSOCIATED_WITH -> PERSON,C-005,CONFIRMED,REJECTED,"Target type 'netra:Person' invalid for 'netra:AFFILIATED_WITH'. Allowed: ['netra:Organization', 'netra:Group']"
PERSON -> INVOLVED_IN -> PERSON,C-005,REJECTED,REJECTED,No change
PERSON -> ASSOCIATED_WITH -> PERSON,C-006,CONFIRMED,REJECTED,"Target type 'netra:Person' invalid for 'netra:AFFILIATED_WITH'. Allowed: ['netra:Organization', 'netra:Group']"
PERSON -> ASSOCIATED_WITH -> PERSON,C-006,CONFIRMED,REJECTED,"Target type 'netra:Person' invalid for 'netra:AFFILIATED_WITH'. Allowed: ['netra:Organization', 'netra:Group']"
ORGANIZATION -> LOCATED_AT -> LOCATION,C-006,REJECTED,CONFIRMED,VALID_DIRECT_REL
ORGANIZATION -> INVOLVED_IN -> PERSON,C-006,REJECTED,REJECTED,No change
PERSON -> ASSOCIATED_WITH -> PERSON,C-006,CONFIRMED,REJECTED,"Target type 'netra:Person' invalid for 'netra:AFFILIATED_WITH'. Allowed: ['netra:Organization', 'netra:Group']"
PERSON -> ASSOCIATED_WITH -> PERSON,C-006,CONFIRMED,REJECTED,"Target type 'netra:Person' invalid for 'netra:AFFILIATED_WITH'. Allowed: ['netra:Organization', 'netra:Group']"
PERSON -> LOCATED_AT -> LOCATION,C-006,CONFIRMED,CONFIRMED,No change
PERSON -> LOCATED_AT -> LOCATION,C-006,CONFIRMED,CONFIRMED,No change
ORGANIZATION -> ASSOCIATED_WITH -> PERSON,C-008,CONFIRMED,REJECTED,"Target type 'netra:Person' invalid for 'netra:AFFILIATED_WITH'. Allowed: ['netra:Organization', 'netra:Group']"
ORGANIZATION -> ASSOCIATED_WITH -> PERSON,C-008,CONFIRMED,REJECTED,"Target type 'netra:Person' invalid for 'netra:AFFILIATED_WITH'. Allowed: ['netra:Organization', 'netra:Group']"
ORGANIZATION -> ASSOCIATED_WITH -> PERSON,C-008,CONFIRMED,REJECTED,"Target type 'netra:Person' invalid for 'netra:AFFILIATED_WITH'. Allowed: ['netra:Organization', 'netra:Group']"
ORGANIZATION -> ASSOCIATED_WITH -> PERSON,C-008,CONFIRMED,REJECTED,"Target type 'netra:Person' invalid for 'netra:AFFILIATED_WITH'. Allowed: ['netra:Organization', 'netra:Group']"
ORGANIZATION -> OWNS -> ORGANIZATION,C-008,REJECTED,CONFIRMED,VALID_DIRECT_REL
ORGANIZATION -> OWNS -> ORGANIZATION,C-008,REJECTED,CONFIRMED,VALID_DIRECT_REL
ORGANIZATION -> COMMUNICATES_WITH -> ORGANIZATION,C-008,REJECTED,CONFIRMED,VALID_DIRECT_REL
ORGANIZATION -> INVOLVED_IN -> ORGANIZATION,C-008,REJECTED,REJECTED,No change
PERSON -> ASSOCIATED_WITH -> PERSON,C-009,CONFIRMED,REJECTED,"Target type 'netra:Person' invalid for 'netra:AFFILIATED_WITH'. Allowed: ['netra:Organization', 'netra:Group']"
PERSON -> ASSOCIATED_WITH -> PERSON,C-009,CONFIRMED,REJECTED,"Target type 'netra:Person' invalid for 'netra:AFFILIATED_WITH'. Allowed: ['netra:Organization', 'netra:Group']"
PERSON -> USES -> PERSON,C-009,REJECTED,REJECTED,No change
PERSON -> ASSOCIATED_WITH -> ORGANIZATION,C-009,CONFIRMED,CONFIRMED,No change
PERSON -> ASSOCIATED_WITH -> ORGANIZATION,C-009,CONFIRMED,CONFIRMED,No change
ORGANIZATION -> COMMUNICATES_WITH -> PERSON,C-009,REJECTED,CONFIRMED,VALID_DIRECT_REL
ORGANIZATION -> INVOLVED_IN -> PERSON,C-009,REJECTED,REJECTED,No change
PERSON -> LOCATED_AT -> LOCATION,C-009,CONFIRMED,CONFIRMED,No change
PERSON -> LOCATED_AT -> LOCATION,C-009,CONFIRMED,CONFIRMED,No change
ORGANIZATION -> ASSOCIATED_WITH -> PERSON,C-009,CONFIRMED,REJECTED,"Target type 'netra:Person' invalid for 'netra:AFFILIATED_WITH'. Allowed: ['netra:Organization', 'netra:Group']"
ORGANIZATION -> ASSOCIATED_WITH -> PERSON,C-009,CONFIRMED,REJECTED,"Target type 'netra:Person' invalid for 'netra:AFFILIATED_WITH'. Allowed: ['netra:Organization', 'netra:Group']"
PERSON -> ASSOCIATED_WITH -> ORGANIZATION,C-010,CONFIRMED,CONFIRMED,No change
PERSON -> ASSOCIATED_WITH -> ORGANIZATION,C-010,CONFIRMED,CONFIRMED,No change
ORGANIZATION -> COMMUNICATES_WITH -> ORGANIZATION,C-010,REJECTED,CONFIRMED,VALID_DIRECT_REL
PERSON -> ASSOCIATED_WITH -> ORGANIZATION,C-010,CONFIRMED,CONFIRMED,No change
PERSON -> ASSOCIATED_WITH -> ORGANIZATION,C-010,CONFIRMED,CONFIRMED,No change
ORGANIZATION -> ASSOCIATED_WITH -> PERSON,C-010,CONFIRMED,REJECTED,"Target type 'netra:Person' invalid for 'netra:AFFILIATED_WITH'. Allowed: ['netra:Organization', 'netra:Group']"
ORGANIZATION -> ASSOCIATED_WITH -> PERSON,C-010,CONFIRMED,REJECTED,"Target type 'netra:Person' invalid for 'netra:AFFILIATED_WITH'. Allowed: ['netra:Organization', 'netra:Group']"
PERSON -> INVOLVED_IN -> PERSON,C-010,REJECTED,REJECTED,No change
